no,name,type,init,step,lower_bound,upper_bound,final
0,mean_lambda,free,1e-06,1e-07, , ,8.84483e-16
1,gamma_lambda,free,0.1,0.01, , ,19008.8
2,var_lambda,free,1e-06,1e-07, , ,37821.5
3,mean_q,free,1,1, , ,346.359
4,gamma_q,free,1,0.1, , ,84.691
5,var_q,free,100000,10000, , ,3.16352e+09
6,beta,bound,0.001,0.0001,0.0001,0.01,0.01
7,var_x,free,1e-05,0.001, , ,0.000138592
8,var_g,free,100000,1000, , ,1.17214e+06
9,var_dx,free,0.01,0.001, , ,4.71313e+07
10,var_dg,free,1e+09,1e+08, , ,1.73577e+14

errors^2:
epsilon,mean_lambda,gamma_lambda,var_lambda,mean_q,gamma_q,var_q,beta,var_x,var_g,var_dx,var_dg
0.05,1.2879e-17,6.07159e+06,9.63553e+07,2220.61,311.503,1.73609e+18,1.0165e-06,2.95875e-12,2.9684e+08,6.27247e+15,-2.99825e+28
0.01,-8.67512e-19,1.57781e+08,2.49915e+09,1951.26,-142.333,-7.68555e+17,8.86939e-07,2.99797e-12,2.92111e+08,-2.87362e+15,-3.0237e+28
0.005,-4.58897e-19,6.79465e+08,1.07615e+10,1958.75,-128.247,-6.2667e+17,8.87432e-07,2.99924e-12,2.92861e+08,-2.76074e+15,-3.05917e+28

n_data_points, 20557
total_log_likelihoood,-158554.007142231
norm_log_likelihoood,-7.71289619799735
optimization_algorithm,LN_NELDERMEAD
tolerance,1e-40
search_space,log
version,0.2
