no,name,type,init,step,lower_bound,upper_bound,final
0,mean_lambda,free,1e-06,1e-07, , ,1.10225e-08
1,gamma_lambda,free,0.1,0.01, , ,0.382132
2,var_lambda,free,1e-06,1e-07, , ,9.80605e-06
3,mean_q,free,1,1, , ,14.9115
4,gamma_q,free,1,0.1, , ,0.813316
5,var_q,free,100000,10000, , ,4989.2
6,beta,bound,0.001,0.0001,0.0001,0.01,0.00712863
7,var_x,free,1e-05,0.001, , ,9.31965e-05
8,var_g,free,100000,1000, , ,46641.4
9,var_dx,free,0.01,0.001, , ,1.07067
10,var_dg,free,1e+09,1e+08, , ,8.83919e+09

errors^2:
epsilon,mean_lambda,gamma_lambda,var_lambda,mean_q,gamma_q,var_q,beta,var_x,var_g,var_dx,var_dg
0.05,1.02737e-16,0.000463495,6.46556e-13,10.3559,0.00062099,51280.7,2.2301e-07,4.0266e-13,122058,-2.62906,-1.32826e+20
0.01,4.77517e-18,0.000409857,6.69911e-13,3.17886,0.000686597,53701.1,8.01729e-08,4.04141e-13,124084,0.0759359,-4.9348e+18
0.005,1.52454e-18,-0.000424612,-6.73794e-13,-0.276856,0.000338416,-5306.89,-4.05195e-08,3.91248e-13,124886,-0.0273448,-4.29604e+17

n_data_points, 50615
total_log_likelihoood,-283600.219989487
norm_log_likelihoood,-5.60308643661932
optimization_algorithm,LN_NELDERMEAD
tolerance,1e-40
search_space,log
version,0.2
