no,name,type,init,step,lower_bound,upper_bound,final
0,mean_lambda,free,0.6,0.1, , ,0.636222
1,gamma_lambda,free,4,0.2, , ,4.46917
2,var_lambda,free,1,0.01, , ,1.03043
3,mean_q,free,1000,100, , ,355.688
4,gamma_q,free,1,0.1, , ,1.66173
5,var_q,free,2e+06,200000, , ,83503.9
6,beta,bound,0.2,0.02,0.1,0.3,0.299646
7,var_x,free,0.0001,1e-05, , ,1.77889e-06
8,var_g,free,100000,10000, , ,2490.28
9,var_dx,free,0.007,0.0007, , ,0.0180677
10,var_dg,free,1e+06,100000, , ,17314.1

errors^2:
epsilon,mean_lambda,gamma_lambda,var_lambda,mean_q,gamma_q,var_q,beta,var_x,var_g,var_dx,var_dg
0.05,6.58818e-05,0.034726,0.00164977,732.18,0.0443058,5.39252e+07,0.00411164,1.83955e-11,7098.95,6.75608e-07,904272
0.01,6.59476e-05,0.0321234,0.00133763,1742.53,0.109348,9.32766e+07,0.00997874,5.15135e-12,-1083.58,6.86598e-07,915372
0.005,6.61817e-05,0.0316745,0.00128974,3025.28,0.191098,1.40895e+08,0.0174307,3.60812e-12,-11717,6.8908e-07,916724

n_data_points, 4750
total_log_likelihoood,-31354.4275441324
norm_log_likelihoood,-6.60093211455419
optimization_algorithm,LN_NELDERMEAD
tolerance,1e-40
search_space,log
version,0.2
