no,name,type,init,step,lower_bound,upper_bound,final
0,mean_lambda,free,0.6,0.1, , ,0.629192
1,gamma_lambda,free,4,0.2, , ,11.2267
2,var_lambda,free,1,0.01, , ,1.16437
3,mean_q,free,1000,100, , ,410.91
4,gamma_q,free,1,0.1, , ,8.70222
5,var_q,free,2e+06,200000, , ,2.68521e+06
6,beta,bound,0.008,0.0008,0.006,0.01,0.00629342
7,var_x,free,0.0001,1e-05, , ,6.36595e-05
8,var_g,free,100000,10000, , ,3693.88
9,var_dx,free,0.007,0.0007, , ,0.00971491
10,var_dg,free,1e+06,100000, , ,23566.5

errors^2:
epsilon,mean_lambda,gamma_lambda,var_lambda,mean_q,gamma_q,var_q,beta,var_x,var_g,var_dx,var_dg
0.05,1.76958e-05,-0.442817,-0.0108067,78.6171,0.265489,4.56828e+10,2.001e-05,7.47918e-13,5237.27,3.38739e-07,2.18193e+06
0.01,1.77001e-05,-0.403393,-0.00997885,70.1662,0.266348,4.36991e+10,3.63691e-06,8.22093e-13,5470.35,3.43733e-07,2.20831e+06
0.005,1.77052e-05,-0.40215,-0.00995397,69.0743,0.255446,3.92011e+10,1.60925e-06,8.26055e-13,5573.25,3.43886e-07,2.20996e+06

n_data_points, 11112
total_log_likelihoood,-57677.0808087279
norm_log_likelihoood,-5.19052203102303
optimization_algorithm,LN_NELDERMEAD
tolerance,1e-40
search_space,log
version,0.2
