no,name,type,init,step,lower_bound,upper_bound,final
0,mean_lambda,free,0.6,0.1, , ,0.663566
1,gamma_lambda,free,4,0.2, , ,3.88068
2,var_lambda,free,1,0.01, , ,0.412237
3,mean_q,free,1000,100, , ,531.116
4,gamma_q,free,1,0.1, , ,6.55109
5,var_q,free,2e+06,200000, , ,2.62416e+06
6,beta,bound,0.008,0.0008,0.006,0.01,0.00600427
7,var_x,free,0.0001,1e-05, , ,5.62393e-05
8,var_g,free,100000,10000, , ,4567.42
9,var_dx,free,0.007,0.0007, , ,0.00538022
10,var_dg,free,1e+06,100000, , ,12150

errors^2:
epsilon,mean_lambda,gamma_lambda,var_lambda,mean_q,gamma_q,var_q,beta,var_x,var_g,var_dx,var_dg
0.05,3.02639e-05,0.0251182,0.000269002,91.2806,0.0827311,1.8745e+10,3.11243e-05,8.22889e-13,4681.28,6.31286e-08,448889
0.01,3.02824e-05,0.0254786,0.000275381,73.7861,0.0833438,1.8915e+10,6.3623e-06,8.38827e-13,4806.49,6.40609e-08,453194
0.005,3.03031e-05,0.0254959,0.000274672,71.488,0.0826096,1.83042e+10,3.11462e-06,8.40286e-13,4846.43,6.41208e-08,453495

n_data_points, 18565
total_log_likelihoood,-96688.5731682173
norm_log_likelihoood,-5.20811059349407
optimization_algorithm,LN_NELDERMEAD
tolerance,1e-40
search_space,log
version,0.2
