no,name,type,init,step,lower_bound,upper_bound,final
0,mean_lambda,free,1e-06,1e-07, , ,2.64866e-07
1,gamma_lambda,free,0.1,0.01, , ,0.0050852
2,var_lambda,free,1e-06,1e-07, , ,1.13144e-06
3,mean_q,free,1,1, , ,74.7466
4,gamma_q,free,1,0.1, , ,2.39535
5,var_q,free,100000,10000, , ,1.55165e+06
6,beta,bound,0.04,0.004,0.03,0.05,0.03
7,var_x,free,1e-05,0.001, , ,0.000227508
8,var_g,free,100000,1000, , ,201100
9,var_dx,free,0.01,0.001, , ,0.0029083
10,var_dg,free,1e+09,1e+08, , ,3.07155e+13

errors^2:
epsilon,mean_lambda,gamma_lambda,var_lambda,mean_q,gamma_q,var_q,beta,var_x,var_g,var_dx,var_dg
0.05,8.85273e-17,-9.41691e-08,2.83691e-15,-19.3603,0.00391311,2.47131e+09,6.79043e-07,1.7505e-11,1.67202e+07,2.49222e-08,-1.5708e+23
0.01,-9.03254e-19,1.81009e-10,8.89184e-17,-0.135491,-0.000122132,1.17952e+08,1.51322e-08,-1.55359e-12,3.85078e+06,-9.98068e-10,-6.62495e+21
0.005,1.04456e-18,1.23232e-10,1.32011e-17,0.174903,4.95484e-06,-2.90783e+07,-8.84868e-09,2.24098e-13,-534814,-1.25224e-10,1.05651e+22

n_data_points, 9050
total_log_likelihoood,-63358.7681697369
norm_log_likelihoood,-7.00096885853446
optimization_algorithm,LN_NELDERMEAD
tolerance,1e-40
search_space,log
version,0.2
