no,name,type,init,step,lower_bound,upper_bound,final
0,mean_lambda,free,0.6,0.1, , ,0.645734
1,gamma_lambda,free,4,0.2, , ,6.87977
2,var_lambda,free,1,0.01, , ,1.19509
3,mean_q,free,1000,100, , ,1665.42
4,gamma_q,free,1,0.1, , ,5.19103
5,var_q,free,2e+06,200000, , ,2.89532e+07
6,beta,bound,0.35,0.035,0.3,0.4,0.3
7,var_x,free,0.0001,1e-05, , ,0.000368622
8,var_g,free,100000,10000, , ,17640
9,var_dx,free,0.007,0.0007, , ,0.00534818
10,var_dg,free,1e+06,100000, , ,62416.6

errors^2:
epsilon,mean_lambda,gamma_lambda,var_lambda,mean_q,gamma_q,var_q,beta,var_x,var_g,var_dx,var_dg
0.05,3.63233e-05,0.213849,0.0121471,11927.2,0.0914935,1.53405e+12,0.00268506,4.47769e-11,99634.8,7.43834e-08,1.3607e+07
0.01,3.63686e-05,0.232819,0.0132296,9219.04,0.0854958,1.56382e+12,0.00203384,4.70647e-11,101012,7.30839e-08,1.37894e+07
0.005,3.6443e-05,0.2347,0.0131326,7418.98,0.0822964,1.54829e+12,0.00160564,4.74165e-11,101746,7.12751e-08,1.38584e+07

n_data_points, 14993
total_log_likelihoood,-101432.283852845
norm_log_likelihoood,-6.76530940124356
optimization_algorithm,LN_NELDERMEAD
tolerance,1e-40
search_space,log
version,0.2
