no,name,type,init,step,lower_bound,upper_bound,final
0,mean_lambda,free,0.6,0.1, , ,0.662911
1,gamma_lambda,free,4,0.2, , ,20.5368
2,var_lambda,free,1,0.01, , ,6.28991
3,mean_q,free,1000,100, , ,10385.3
4,gamma_q,free,1,0.1, , ,3.36471
5,var_q,free,2e+06,200000, , ,1.30347e+08
6,beta,bound,0.35,0.035,0.3,0.4,0.300002
7,var_x,free,0.0001,1e-05, , ,6.0751e-05
8,var_g,free,100000,10000, , ,253793
9,var_dx,free,0.007,0.0007, , ,0.00682238
10,var_dg,free,1e+06,100000, , ,2.81021e+06

errors^2:
epsilon,mean_lambda,gamma_lambda,var_lambda,mean_q,gamma_q,var_q,beta,var_x,var_g,var_dx,var_dg
0.05,4.59636e-05,5.88093,1.32487,1.16578e+07,2.73429,6.34754e+14,0.0899341,2.95523e-11,7.93469e+07,2.30766e-07,4.61546e+10
0.01,4.60115e-05,7.93994,1.802,3.74602e+06,0.99889,2.98206e+14,0.0287609,3.66901e-11,5.70725e+07,2.34254e-07,4.70476e+10
0.005,4.60778e-05,7.27076,1.64709,2.33368e+06,0.68202,2.25479e+14,0.0178512,3.27119e-11,5.43338e+07,2.34108e-07,4.74453e+10

n_data_points, 6756
total_log_likelihoood,-51666.0669001759
norm_log_likelihoood,-7.64743441388039
optimization_algorithm,LN_NELDERMEAD
tolerance,1e-40
search_space,log
version,0.2
