no,name,type,init,step,lower_bound,upper_bound,final
0,mean_lambda,free,1e-06,1e-07, , ,4.91696e-05
1,gamma_lambda,free,0.1,0.01, , ,0.00673321
2,var_lambda,free,1e-06,1e-07, , ,2.85047e-06
3,mean_q,free,1,1, , ,2.8447
4,gamma_q,free,1,0.1, , ,2.55668
5,var_q,free,100000,10000, , ,803606
6,beta,bound,0.04,0.004,0.03,0.05,0.0300048
7,var_x,free,1e-05,0.001, , ,0.000146886
8,var_g,free,100000,1000, , ,30470
9,var_dx,free,0.01,0.001, , ,0.570765
10,var_dg,free,1e+09,1e+08, , ,2.47955e+11

errors^2:
epsilon,mean_lambda,gamma_lambda,var_lambda,mean_q,gamma_q,var_q,beta,var_x,var_g,var_dx,var_dg
0.05,6.01673e-10,-6.52366e-06,2.99482e-13,5.15284,0.018531,3.45162e+09,1.82053e-07,3.40347e-12,147860,0.0822678,3.1989e+21
0.01,3.24781e-14,6.31804e-11,-6.85392e-16,0.00755035,0.0027261,4.86051e+08,5.38614e-08,9.50984e-14,20558.6,3.67687e-05,6.41921e+18
0.005,1.23132e-13,-3.82511e-09,-1.37045e-15,-0.000223785,0.00338385,-4.1146e+08,-2.46044e-07,-7.63092e-12,217123,2.74363e-05,1.54153e+18

n_data_points, 58812
total_log_likelihoood,-349282.779935411
norm_log_likelihoood,-5.93897129727625
optimization_algorithm,LN_NELDERMEAD
tolerance,1e-40
search_space,log
version,0.2
