no,name,type,init,step,lower_bound,upper_bound,final
0,mean_lambda,free,0.6,0.1, , ,0.605431
1,gamma_lambda,free,4,0.2, , ,12.1265
2,var_lambda,free,1,0.01, , ,1.36575
3,mean_q,free,1000,100, , ,28687.2
4,gamma_q,free,1,0.1, , ,2.85069
5,var_q,free,2e+06,200000, , ,2.53337e+09
6,beta,bound,0.008,0.0008,0.006,0.01,0.00933191
7,var_x,free,0.0001,1e-05, , ,6.62314e-05
8,var_g,free,100000,10000, , ,1.00059e+07
9,var_dx,free,0.007,0.0007, , ,0.00826476
10,var_dg,free,1e+06,100000, , ,1.07649e+08

errors^2:
epsilon,mean_lambda,gamma_lambda,var_lambda,mean_q,gamma_q,var_q,beta,var_x,var_g,var_dx,var_dg
0.05,1.8101e-05,-0.401782,-0.0120244,804347,0.0267434,1.63393e+16,8.02514e-05,9.8935e-13,3.01187e+10,2.51368e-07,4.47507e+13
0.01,1.81044e-05,-0.372997,-0.011288,608556,0.0261675,1.5834e+16,1.69193e-05,1.04101e-12,3.05262e+10,2.54903e-07,4.53319e+13
0.005,1.81088e-05,-0.37422,-0.0113012,581872,0.0256963,1.49288e+16,8.41409e-06,1.03264e-12,3.05062e+10,2.55005e-07,4.53753e+13

n_data_points, 10842
total_log_likelihoood,-99207.5788228031
norm_log_likelihoood,-9.15030241863153
optimization_algorithm,LN_NELDERMEAD
tolerance,1e-40
search_space,log
version,0.2
