no,name,type,init,step,lower_bound,upper_bound,final
0,mean_lambda,free,0.6,0.1, , ,0.680361
1,gamma_lambda,free,4,0.2, , ,6.88157
2,var_lambda,free,1,0.01, , ,0.73511
3,mean_q,free,1000,100, , ,570.968
4,gamma_q,free,1,0.1, , ,9.01241
5,var_q,free,2e+06,200000, , ,1.46089e+06
6,beta,bound,0.35,0.035,0.3,0.4,0.333874
7,var_x,free,0.0001,1e-05, , ,8.33637e-05
8,var_g,free,100000,10000, , ,2676.78
9,var_dx,free,0.007,0.0007, , ,0.00729568
10,var_dg,free,1e+06,100000, , ,16963.9

errors^2:
epsilon,mean_lambda,gamma_lambda,var_lambda,mean_q,gamma_q,var_q,beta,var_x,var_g,var_dx,var_dg
0.05,1.42515e-05,0.24237,0.00449592,385.126,0.215705,1.01159e+10,0.00102152,2.34009e-12,1333.65,8.76009e-08,588347
0.01,1.42582e-05,0.278773,0.00523645,360.531,0.241269,1.13129e+10,0.000954716,2.56728e-12,1393.46,8.80271e-08,595869
0.005,1.42614e-05,0.273478,0.00513778,336.196,0.252856,1.15624e+10,0.000888561,2.54227e-12,1418.48,8.70716e-08,596555

n_data_points, 22675
total_log_likelihoood,-114853.610062296
norm_log_likelihoood,-5.065208823034
optimization_algorithm,LN_NELDERMEAD
tolerance,1e-40
search_space,log
version,0.2
