no,name,type,init,step,lower_bound,upper_bound,final
0,mean_lambda,free,0.6,0.1, , ,0.626633
1,gamma_lambda,free,4,0.2, , ,5.5191
2,var_lambda,free,1,0.01, , ,0.859237
3,mean_q,free,1000,100, , ,9.97011
4,gamma_q,free,1,0.1, , ,0.216785
5,var_q,free,2e+06,200000, , ,60723
6,beta,bound,0.2,0.02,0.1,0.3,0.299998
7,var_x,free,0.0001,1e-05, , ,0.000357537
8,var_g,free,100000,10000, , ,2087.03
9,var_dx,free,0.007,0.0007, , ,0.00575678
10,var_dg,free,1e+06,100000, , ,4398.3

errors^2:
epsilon,mean_lambda,gamma_lambda,var_lambda,mean_q,gamma_q,var_q,beta,var_x,var_g,var_dx,var_dg
0.05,1.38185e-05,0.035823,0.00141817,5.46793,-0.000184535,2.4548e+06,-0.000647151,1.29539e-11,260.451,2.99519e-08,22935.6
0.01,1.38317e-05,0.0374211,0.00149471,0.463222,-9.31015e-05,2.33372e+06,-0.000673388,1.33366e-11,262.412,3.02228e-08,23201.3
0.005,1.38448e-05,0.0375302,0.00149834,0.546767,-5.91469e-05,2.30074e+06,-0.000613021,1.33539e-11,261.942,3.02064e-08,23225.1

n_data_points, 43675
total_log_likelihoood,-232324.269616389
norm_log_likelihoood,-5.31938797060994
optimization_algorithm,LN_NELDERMEAD
tolerance,1e-40
search_space,log
version,0.2
