no,name,type,init,step,lower_bound,upper_bound,final
0,mean_lambda,free,0.6,0.1, , ,0.652421
1,gamma_lambda,free,4,0.2, , ,3.70919
2,var_lambda,free,1,0.01, , ,0.499765
3,mean_q,free,1000,100, , ,9.23778
4,gamma_q,free,1,0.1, , ,0.0817987
5,var_q,free,2e+06,200000, , ,6.57796e+07
6,beta,bound,0.35,0.035,0.3,0.4,0.352382
7,var_x,free,0.0001,1e-05, , ,0.000132158
8,var_g,free,100000,10000, , ,1.93497e+06
9,var_dx,free,0.007,0.0007, , ,0.0170384
10,var_dg,free,1e+06,100000, , ,3.33195e+07

errors^2:
epsilon,mean_lambda,gamma_lambda,var_lambda,mean_q,gamma_q,var_q,beta,var_x,var_g,var_dx,var_dg
0.05,0.000133707,-0.180963,-0.00683046,3935.54,0.000552675,4.38931e+13,0.0134302,-1.91614e-10,2.04279e+10,1.66264e-06,9.07605e+12
0.01,0.00013362,-0.308629,-0.01106,1045.29,0.000578826,4.50408e+13,0.0141449,-2.6207e-10,1.8347e+10,1.67853e-06,9.20186e+12
0.005,0.000133313,-0.808729,-0.0275164,1008.48,0.000659027,4.64007e+13,0.0164623,-6.05424e-10,9.80461e+09,1.65473e-06,9.21222e+12

n_data_points, 1646
total_log_likelihoood,-16409.3628217635
norm_log_likelihoood,-9.96923622221356
optimization_algorithm,LN_NELDERMEAD
tolerance,1e-40
search_space,log
version,0.2
