no,name,type,init,step,lower_bound,upper_bound,final
0,mean_lambda,free,1e-06,1e-07, , ,5.88879e-07
1,gamma_lambda,free,0.1,0.01, , ,0.0562028
2,var_lambda,free,1e-06,1e-07, , ,9.68e-07
3,mean_q,free,1,1, , ,180.557
4,gamma_q,free,1,0.1, , ,1.16096
5,var_q,free,100000,10000, , ,434256
6,beta,bound,0.04,0.004,0.03,0.05,0.042896
7,var_x,free,1e-05,0.001, , ,0.000136125
8,var_g,free,100000,1000, , ,103250
9,var_dx,free,0.01,0.001, , ,0.00709742
10,var_dg,free,1e+09,1e+08, , ,1.02497e+09

errors^2:
epsilon,mean_lambda,gamma_lambda,var_lambda,mean_q,gamma_q,var_q,beta,var_x,var_g,var_dx,var_dg
0.05,-8.12142e-13,0.000168931,1.87168e-14,932.492,0.00862286,1.77896e+09,1.14626e-05,8.89791e-12,6.4897e+06,1.27793e-05,-9.43838e+17
0.01,2.72575e-15,2.83966e-05,-2.89081e-16,397.62,0.0053206,1.0519e+09,9.24513e-06,9.06728e-12,7.02743e+06,-8.40674e-07,6.4647e+15
0.005,-5.74747e-15,2.50672e-05,3.89804e-16,15.8829,0.00530368,5.71803e+08,4.00423e-06,1.26561e-11,5.92999e+06,-1.39848e-08,2.73032e+15

n_data_points, 4431
total_log_likelihoood,-28537.2520615897
norm_log_likelihoood,-6.44036381439623
optimization_algorithm,LN_NELDERMEAD
tolerance,1e-40
search_space,log
version,0.2
