no,name,type,init,step,lower_bound,upper_bound,final
0,mean_lambda,free,0.6,0.1, , ,1.45146
1,gamma_lambda,free,4,0.2, , ,13.506
2,var_lambda,free,1,0.01, , ,1.98925
3,mean_q,free,1000,100, , ,89.715
4,gamma_q,free,1,0.1, , ,6.23744
5,var_q,free,2e+06,200000, , ,234316
6,beta,bound,0.35,0.035,0.3,0.4,0.3
7,var_x,free,0.0001,1e-05, , ,4.61783e-05
8,var_g,free,100000,10000, , ,1412.6
9,var_dx,free,0.007,0.0007, , ,0.0142013
10,var_dg,free,1e+06,100000, , ,1175.58

errors^2:
epsilon,mean_lambda,gamma_lambda,var_lambda,mean_q,gamma_q,var_q,beta,var_x,var_g,var_dx,var_dg
0.05,0.000126486,1.95,0.0746113,297.156,1.36403,1.51363e+09,0.0988875,1.14048e-11,4130.09,1.97643e-06,50075.6
0.01,0.000126492,2.08326,0.0804583,136.435,1.01247,1.42469e+09,0.0337057,1.18403e-11,4234.09,1.99973e-06,51047.9
0.005,0.000126491,2.14998,0.0827842,99.1673,0.934924,1.32161e+09,0.0188539,1.19812e-11,4322.52,1.99742e-06,51966.2

n_data_points, 1906
total_log_likelihoood,-9168.57827313575
norm_log_likelihoood,-4.81037684844478
optimization_algorithm,LN_NELDERMEAD
tolerance,1e-40
search_space,log
version,0.2
