no,name,type,init,step,lower_bound,upper_bound,final
0,mean_lambda,free,1e-06,1e-07, , ,2.8204e-07
1,gamma_lambda,free,0.1,0.01, , ,0.038401
2,var_lambda,free,1e-06,1e-07, , ,6.1368e-07
3,mean_q,free,1,1, , ,183.686
4,gamma_q,free,1,0.1, , ,4.19972
5,var_q,free,100000,10000, , ,2.64303e+06
6,beta,bound,0.04,0.004,0.03,0.05,0.0482427
7,var_x,free,1e-05,0.001, , ,0.000116863
8,var_g,free,100000,1000, , ,144911
9,var_dx,free,0.01,0.001, , ,0.111073
10,var_dg,free,1e+09,1e+08, , ,3.24004e+09

errors^2:
epsilon,mean_lambda,gamma_lambda,var_lambda,mean_q,gamma_q,var_q,beta,var_x,var_g,var_dx,var_dg
0.05,4.68802e-15,3.34201e-05,3.55862e-16,1167,-0.0347318,-1.91762e+10,1.08072e-05,9.21489e-12,1.77238e+07,0.000357645,-3.43662e+15
0.01,2.98552e-17,7.87324e-07,-2.79192e-18,1.9364,0.00117254,1.96765e+08,-9.62873e-08,2.43976e-12,-1.70999e+06,4.99858e-06,4.64412e+15
0.005,3.73678e-17,1.69294e-08,-5.10216e-18,-0.266188,-0.000356193,-7.19163e+08,-1.55052e-08,-7.43848e-13,675972,-8.39789e-07,1.26778e+15

n_data_points, 3364
total_log_likelihoood,-21948.2071145939
norm_log_likelihoood,-6.52443731111592
optimization_algorithm,LN_NELDERMEAD
tolerance,1e-40
search_space,log
version,0.2
